5,
5,
5,
5,
5,
5,
5,
5,
5,
5,
5,
5,
5,
5,
5,
5,
5,
5,
5,
5,
5,
5,
5,
5,
5,
5,
5,
5,
5,
5,
5,
5,
5,
5,
5,
5,
5,
5,
5,
5,
5,
5,
5,
5,
5,
5,
5,
5,
5,
5,
5,
5,
5,
5,
5,
5,
5,
5,
5,
5,
5,
5,
15,
15,
15,
15,
15,
15,
15,
15,
15,
15,
15,
15,
15,
15,
15,
15,
15,
15,
15,
15,
15,
15,
15,
15,
15,
15,
15,
15,
15,
15,
15,
15,
15,
15,
15,
15,
15,
15,
15,
15,
15,
15,
15,
15,
15,
15,
15,
15,
15,
15,
15,
15,
15,
15,
15,
15,
15,
15,
15,
15,
15,
15,
15,
15,
15,
15,
15,
15,
15,
15,
15,
15,
15,
15,
15,
25,
25,
25,
25,
25,
25,
25,
25,
25,
25,
25,
25,
25,
25,
25,
25,
25,
25,
25,
25,
25,
25,
25,
25,
25,
25,
25,
25,
25,
25,
25,
25,
25,
25,
25,
25,
25,
25,
25,
25,
25,
25,
25,
25,
25,
25,
25,
25,
25,
25,
25,
25,
25,
25,
25,
25,
25,
25,
25,
25,
25,
25,
25,
25,
25,
25,
25,
25,
25,
25,
25,
25,
25,
25,
25,
25,
25,
25,
25,
25,
25,
25,
25,
25,
25,
25,
25,
25,
25,
25,
25,
25,
25,
25,
25,
25,
25,
25,
25,
25,
25,
25,
25,
25,
25,
25,
25,
25,
25,
25,
25,
25,
25,
25,
25,
25,
25,
25,
25,
25,
35,
35,
35,
35,
35,
35,
35,
35,
35,
35,
35,
35,
35,
35,
35,
35,
35,
35,
35,
35,
45,
45,
45,
45,
45,
45,
45,
45,
45,
45,
45,
45,
45,
45,
45,
45,
45,
45,
45,
45,
45,
45,
45,
45,
45,
45,
45,
45,
45,
45,
45,
45,
45,
45,
45,
45,
45,
45,
45,
55,
55,
55,
55,
55,
55,
55,
55,
55,
55,
55,
55,
55,
55,
55,
55,
55,
55,
55,
55,
55,
55,
55,
55,
55,
55,
55,
55,
55,
55,
55,
55,
55,
55,
55,
55,
55,
55,
55,
55,
55,
55,
55,
55,
55,
55,
55,
55,
55,
55,
55,
55,
55,
55,
55,
55,
55,
55,
55,
55,
55,
55,
55,
55,
55,
55,
55,
55,
55,
55,
55,
55,
55,
55,
55,
55,
55,
55,
55,
55,
55,
55,
55,
55,
55,
55,
55,
55,
55,
55,
55,
55,
55,
55,
55,
55,
55,
55,
55,
55,
55,
55,
55,
55,
55,
55,
55,
55,
55,
55,
55,
55,
55,
55,
55,
55,
55,
55,
55,
55,
55,
55,
55,
55,
55,
55,
55,
55,
55,
55,
55,
65,
65,
65,
65,
65,
65,
65,
65,
75,
75,
85,
85,
85,
85,
85,
85,
85,
85,
85,
85,
85,
85,
85,
85,
85,
85,
85,
85,
85,
85,
85,
85,
85,
85,
85,
85,
85,
85,
85,
85,
85,
95,
95,
115,
115,
115,
115,
115,
115,
115,
115,
115,
115,
115,
115,
115,
115,
115,
115,
115,
115,
115,
115,
115,
115,
115,
115,
115,
115,
115,
115,
115,
115,
115,
115,
115,
115,
115,
115,
115,
115,
115,
115,
115,
115,
115,
115,
115,
115,
115,
115,
115,
115,
115,
115,
115,
115,
115,
115,
115,
115,
115,
115,
115,
115,
115,
115,
115,
115,
115,
115,
150,
150,
150,
150,
150,
150,
150,
150,
150,
150,
180,
180,
180,
180,
180,
180,
180,
180,
180,
180,
180,
180,
180,
180,
180,
180,
180,
180,
180,
180,
180,
180,
180,
180,
180,
180,
180,
180,
180,
180,
180,
180,
181,
181,
181,
181,
181,
181,
181,
181,
181,
181,
181,
181,
181,
181,
181,
181,
181,
181,
181,
181,
181,
181,
181,
181,
181,
181,
181,
181,
181,
181,
181,
181,
181,
181,
181,
181,
181,
181,
181,
181,